vecsize,nthreads,time
64,1,9.77e-07
64,2,1.033e-06
64,3,1.09e-06
64,4,1.189e-06
64,5,1.197e-06
64,6,1.013e-06
64,7,1.187e-06
64,8,1.277e-06
64,9,1.198e-06
64,10,1.099e-06
64,11,1.29e-06
64,12,1.012e-06
64,13,1.204e-06
64,14,1e-06
64,15,1.395e-06
64,16,1.204e-06
64,17,1.23e-06
64,18,1.1e-06
64,19,1.199e-06
64,20,1.016e-06
64,21,1.109e-06
64,22,1.334e-06
64,23,1.01e-06
64,24,1.229e-06
64,25,1.368e-06
64,26,1.274e-06
64,27,1.192e-06
64,28,1.005e-06
64,29,1.13e-06
64,30,1.531e-06
64,31,1.011e-06
64,32,1.311e-06
64,33,1.361e-06
64,34,1.269e-06
64,35,1.304e-06
64,36,1.311e-06
64,37,1.128e-06
64,38,1.258e-06
64,39,1.014e-06
64,40,1.383e-06
64,41,1.263e-06
64,42,1.205e-06
64,43,1.223e-06
64,44,1.021e-06
64,45,1.031e-06
64,46,1.281e-06
64,47,1.23e-06
64,48,1.138e-06
64,49,1.228e-06
64,50,1.272e-06
64,51,1.137e-06
64,52,1.251e-06
158,1,8.531e-06
158,2,6.912e-06
158,3,5.599e-06
158,4,5.177e-06
158,5,5.163e-06
158,6,4.717e-06
158,7,5.074e-06
158,8,5.039e-06
158,9,4.913e-06
158,10,5.237e-06
158,11,5.819e-06
158,12,5.464e-06
158,13,5.541e-06
158,14,5.686e-06
158,15,5.71e-06
158,16,5.743e-06
158,17,5.876e-06
158,18,6.105e-06
158,19,6.225e-06
158,20,6.875e-06
158,21,6.777e-06
158,22,6.968e-06
158,23,7.023e-06
158,24,7.44e-06
158,25,7.352e-06
158,26,7.488e-06
158,27,8.715e-06
158,28,9.078e-06
158,29,9.097e-06
158,30,9.524e-06
158,31,1.0116e-05
158,32,1.0486e-05
158,33,1.1411e-05
158,34,1.0817e-05
158,35,1.1407e-05
158,36,1.1223e-05
158,37,1.1787e-05
158,38,1.2013e-05
158,39,1.1834e-05
158,40,1.2683e-05
158,41,1.2731e-05
158,42,1.2753e-05
158,43,1.3489e-05
158,44,1.3888e-05
158,45,1.4195e-05
158,46,1.2871e-05
158,47,1.3419e-05
158,48,1.4888e-05
158,49,1.453e-05
158,50,1.4442e-05
158,51,1.5015e-05
158,52,1.6307e-05
252,1,2.106e-05
252,2,1.3326e-05
252,3,9.698e-06
252,4,9.207e-06
252,5,8.563e-06
252,6,8.826e-06
252,7,8.922e-06
252,8,9.277e-06
252,9,9.302e-06
252,10,9.297e-06
252,11,9.504e-06
252,12,9.704e-06
252,13,9.389e-06
252,14,9.774e-06
252,15,9.905e-06
252,16,9.802e-06
252,17,1.0151e-05
252,18,9.832e-06
252,19,1.0382e-05
252,20,1.1211e-05
252,21,1.1031e-05
252,22,1.177e-05
252,23,1.154e-05
252,24,1.1618e-05
252,25,1.1846e-05
252,26,1.1688e-05
252,27,1.3809e-05
252,28,1.3816e-05
252,29,1.3127e-05
252,30,1.4172e-05
252,31,1.4196e-05
252,32,1.4546e-05
252,33,1.4991e-05
252,34,1.5227e-05
252,35,1.532e-05
252,36,1.5547e-05
252,37,1.5282e-05
252,38,1.5553e-05
252,39,1.6139e-05
252,40,1.6447e-05
252,41,1.621e-05
252,42,1.654e-05
252,43,1.645e-05
252,44,1.7035e-05
252,45,1.7175e-05
252,46,1.7496e-05
252,47,1.8073e-05
252,48,1.7175e-05
252,49,1.8372e-05
252,50,1.8415e-05
252,51,1.8349e-05
252,52,1.8573e-05
346,1,3.8577e-05
346,2,2.0867e-05
346,3,1.3502e-05
346,4,1.0686e-05
346,5,9.151e-06
346,6,7.72e-06
346,7,7.431e-06
346,8,7.068e-06
346,9,6.416e-06
346,10,6.386e-06
346,11,6.426e-06
346,12,6.281e-06
346,13,6.314e-06
346,14,6.12e-06
346,15,6.363e-06
346,16,6.552e-06
346,17,6.66e-06
346,18,6.741e-06
346,19,7.021e-06
346,20,7.732e-06
346,21,7.594e-06
346,22,8.121e-06
346,23,8.196e-06
346,24,8.021e-06
346,25,8.264e-06
346,26,8.412e-06
346,27,9.491e-06
346,28,9.925e-06
346,29,1.04e-05
346,30,1.0218e-05
346,31,1.1048e-05
346,32,1.0978e-05
346,33,1.1329e-05
346,34,1.1446e-05
346,35,1.1683e-05
346,36,1.3086e-05
346,37,1.31e-05
346,38,1.3028e-05
346,39,1.3304e-05
346,40,1.3979e-05
346,41,1.5035e-05
346,42,1.4448e-05
346,43,1.4544e-05
346,44,1.4613e-05
346,45,1.5182e-05
346,46,1.5507e-05
346,47,1.5219e-05
346,48,1.552e-05
346,49,1.6592e-05
346,50,1.6061e-05
346,51,1.6365e-05
346,52,1.6357e-05
440,1,8.1932e-05
440,2,3.2132e-05
440,3,2.0649e-05
440,4,1.7096e-05
440,5,1.3828e-05
440,6,1.1813e-05
440,7,1.0782e-05
440,8,9.498e-06
440,9,9.381e-06
440,10,9.024e-06
440,11,8.661e-06
440,12,7.942e-06
440,13,8.054e-06
440,14,8.191e-06
440,15,8.007e-06
440,16,7.822e-06
440,17,7.9e-06
440,18,8.146e-06
440,19,7.881e-06
440,20,8.654e-06
440,21,8.964e-06
440,22,9.118e-06
440,23,9.216e-06
440,24,9.278e-06
440,25,8.789e-06
440,26,9.327e-06
440,27,1.0553e-05
440,28,1.0502e-05
440,29,1.123e-05
440,30,1.1016e-05
440,31,1.2374e-05
440,32,1.1828e-05
440,33,1.2966e-05
440,34,1.2391e-05
440,35,1.3016e-05
440,36,1.3867e-05
440,37,1.3598e-05
440,38,1.4524e-05
440,39,1.3926e-05
440,40,1.4619e-05
440,41,1.5047e-05
440,42,1.598e-05
440,43,1.5997e-05
440,44,1.6076e-05
440,45,1.7086e-05
440,46,1.6787e-05
440,47,1.7815e-05
440,48,1.9006e-05
440,49,1.7631e-05
440,50,1.7553e-05
440,51,1.8759e-05
440,52,1.8274e-05
535,1,0.000114896
535,2,4.7886e-05
535,3,3.0225e-05
535,4,2.1217e-05
535,5,1.8523e-05
535,6,1.5116e-05
535,7,1.4074e-05
535,8,1.2721e-05
535,9,1.1654e-05
535,10,1.1623e-05
535,11,1.0862e-05
535,12,1.0546e-05
535,13,1.0263e-05
535,14,9.929e-06
535,15,1.0099e-05
535,16,9.808e-06
535,17,9.721e-06
535,18,9.789e-06
535,19,9.946e-06
535,20,1.0624e-05
535,21,1.1095e-05
535,22,1.1157e-05
535,23,1.0863e-05
535,24,1.1505e-05
535,25,1.2032e-05
535,26,1.1739e-05
535,27,1.4504e-05
535,28,1.6129e-05
535,29,1.6467e-05
535,30,1.6994e-05
535,31,1.8205e-05
535,32,1.8325e-05
535,33,1.9475e-05
535,34,1.9886e-05
535,35,1.9507e-05
535,36,1.9963e-05
535,37,2.0247e-05
535,38,2.1299e-05
535,39,2.1718e-05
535,40,2.1259e-05
535,41,2.1066e-05
535,42,2.1371e-05
535,43,2.226e-05
535,44,2.2813e-05
535,45,2.313e-05
535,46,2.4349e-05
535,47,2.4147e-05
535,48,2.3495e-05
535,49,2.5884e-05
535,50,2.6159e-05
535,51,2.4587e-05
535,52,2.7309e-05
629,1,0.000157823
629,2,7.7204e-05
629,3,4.4019e-05
629,4,3.1165e-05
629,5,2.4711e-05
629,6,2.1413e-05
629,7,1.8451e-05
629,8,1.5741e-05
629,9,1.5273e-05
629,10,1.4239e-05
629,11,1.3664e-05
629,12,1.308e-05
629,13,1.2277e-05
629,14,1.1296e-05
629,15,1.1361e-05
629,16,1.1287e-05
629,17,1.0565e-05
629,18,1.0809e-05
629,19,1.0966e-05
629,20,1.119e-05
629,21,1.164e-05
629,22,1.1731e-05
629,23,1.1261e-05
629,24,1.103e-05
629,25,1.2033e-05
629,26,1.2404e-05
629,27,1.4011e-05
629,28,1.3727e-05
629,29,1.5381e-05
629,30,1.3648e-05
629,31,1.3899e-05
629,32,1.4575e-05
629,33,1.6081e-05
629,34,1.5251e-05
629,35,1.5475e-05
629,36,1.5871e-05
629,37,1.6683e-05
629,38,1.5858e-05
629,39,1.7215e-05
629,40,1.6576e-05
629,41,1.7326e-05
629,42,1.7651e-05
629,43,1.8675e-05
629,44,1.8356e-05
629,45,1.9001e-05
629,46,1.9655e-05
629,47,1.9387e-05
629,48,2.086e-05
629,49,2.0402e-05
629,50,2.0972e-05
629,51,2.0604e-05
629,52,2.2067e-05
723,1,0.000210264
723,2,0.000107257
723,3,6.8094e-05
723,4,4.2443e-05
723,5,3.0433e-05
723,6,2.7133e-05
723,7,2.3651e-05
723,8,2.1159e-05
723,9,1.8131e-05
723,10,1.8088e-05
723,11,1.7078e-05
723,12,1.6247e-05
723,13,1.5474e-05
723,14,1.3923e-05
723,15,1.4159e-05
723,16,1.3876e-05
723,17,1.286e-05
723,18,1.3551e-05
723,19,1.3425e-05
723,20,1.4546e-05
723,21,1.4556e-05
723,22,1.3763e-05
723,23,1.4064e-05
723,24,1.4642e-05
723,25,1.4302e-05
723,26,1.5184e-05
723,27,1.7386e-05
723,28,1.8244e-05
723,29,1.8441e-05
723,30,1.9338e-05
723,31,1.9437e-05
723,32,2.1425e-05
723,33,2.0324e-05
723,34,2.0097e-05
723,35,1.999e-05
723,36,2.0447e-05
723,37,2.2016e-05
723,38,2.2603e-05
723,39,2.2162e-05
723,40,2.3194e-05
723,41,2.3682e-05
723,42,2.4846e-05
723,43,2.4372e-05
723,44,2.2818e-05
723,45,2.6049e-05
723,46,2.5358e-05
723,47,2.6226e-05
723,48,2.734e-05
723,49,2.6314e-05
723,50,2.706e-05
723,51,3.0204e-05
723,52,2.7817e-05
817,1,0.000264373
817,2,0.000135567
817,3,8.9572e-05
817,4,6.4617e-05
817,5,4.7193e-05
817,6,3.6599e-05
817,7,2.9355e-05
817,8,2.6386e-05
817,9,2.3802e-05
817,10,2.4618e-05
817,11,2.2139e-05
817,12,1.962e-05
817,13,1.8311e-05
817,14,1.691e-05
817,15,1.7115e-05
817,16,1.6637e-05
817,17,1.5402e-05
817,18,1.597e-05
817,19,1.5814e-05
817,20,1.6194e-05
817,21,1.6526e-05
817,22,1.6534e-05
817,23,1.6114e-05
817,24,1.6308e-05
817,25,1.6693e-05
817,26,1.6877e-05
817,27,1.9821e-05
817,28,1.9366e-05
817,29,2.0969e-05
817,30,2.0237e-05
817,31,2.0889e-05
817,32,2.0764e-05
817,33,2.1318e-05
817,34,2.2997e-05
817,35,2.2675e-05
817,36,2.1224e-05
817,37,2.355e-05
817,38,2.2727e-05
817,39,2.2797e-05
817,40,2.4654e-05
817,41,2.3656e-05
817,42,2.4138e-05
817,43,2.3505e-05
817,44,2.4219e-05
817,45,2.6807e-05
817,46,2.6228e-05
817,47,2.6623e-05
817,48,2.577e-05
817,49,2.9574e-05
817,50,2.7758e-05
817,51,2.8274e-05
817,52,2.8779e-05
912,1,0.000329213
912,2,0.000171345
912,3,0.000114035
912,4,8.4736e-05
912,5,6.4388e-05
912,6,4.7838e-05
912,7,3.8166e-05
912,8,3.4162e-05
912,9,3.0014e-05
912,10,2.9097e-05
912,11,2.5675e-05
912,12,2.3425e-05
912,13,2.2818e-05
912,14,2.0567e-05
912,15,2.0435e-05
912,16,2.0016e-05
912,17,1.8395e-05
912,18,1.8725e-05
912,19,1.8344e-05
912,20,1.8941e-05
912,21,1.9228e-05
912,22,1.8929e-05
912,23,1.845e-05
912,24,1.9389e-05
912,25,1.9206e-05
912,26,1.9632e-05
912,27,2.2386e-05
912,28,2.1465e-05
912,29,2.2715e-05
912,30,2.3931e-05
912,31,2.2069e-05
912,32,2.4677e-05
912,33,2.4723e-05
912,34,2.2948e-05
912,35,2.4577e-05
912,36,2.5611e-05
912,37,2.4736e-05
912,38,2.6433e-05
912,39,2.4789e-05
912,40,2.7482e-05
912,41,2.7243e-05
912,42,2.7165e-05
912,43,2.7372e-05
912,44,2.4944e-05
912,45,2.6538e-05
912,46,2.8176e-05
912,47,2.7725e-05
912,48,2.7902e-05
912,49,2.978e-05
912,50,3.1052e-05
912,51,2.821e-05
912,52,3.0736e-05
1006,1,0.000400503
1006,2,0.00020261
1006,3,0.000136215
1006,4,0.0001027
1006,5,8.1779e-05
1006,6,6.3531e-05
1006,7,5.1389e-05
1006,8,4.275e-05
1006,9,3.5916e-05
1006,10,3.2362e-05
1006,11,2.9156e-05
1006,12,2.7097e-05
1006,13,2.5526e-05
1006,14,2.2579e-05
1006,15,2.3081e-05
1006,16,2.1964e-05
1006,17,1.9937e-05
1006,18,2.0166e-05
1006,19,1.9227e-05
1006,20,1.9803e-05
1006,21,1.9821e-05
1006,22,1.9899e-05
1006,23,1.7993e-05
1006,24,1.9481e-05
1006,25,1.8989e-05
1006,26,1.9669e-05
1006,27,2.0448e-05
1006,28,2.0037e-05
1006,29,2.0392e-05
1006,30,2.0648e-05
1006,31,1.9516e-05
1006,32,2.0512e-05
1006,33,2.0328e-05
1006,34,2.0558e-05
1006,35,2.0358e-05
1006,36,2.0124e-05
1006,37,2.0865e-05
1006,38,2.0382e-05
1006,39,2.175e-05
1006,40,2.2703e-05
1006,41,2.1659e-05
1006,42,2.1837e-05
1006,43,2.1878e-05
1006,44,2.1508e-05
1006,45,2.2907e-05
1006,46,2.2397e-05
1006,47,2.313e-05
1006,48,2.3233e-05
1006,49,2.459e-05
1006,50,2.5233e-05
1006,51,2.4074e-05
1006,52,2.565e-05
1100,1,0.000491238
1100,2,0.000247476
1100,3,0.000166891
1100,4,0.000124882
1100,5,9.9949e-05
1100,6,8.3422e-05
1100,7,6.9031e-05
1100,8,5.5255e-05
1100,9,4.7736e-05
1100,10,4.1471e-05
1100,11,3.7038e-05
1100,12,3.3909e-05
1100,13,3.2187e-05
1100,14,2.7907e-05
1100,15,2.861e-05
1100,16,2.6824e-05
1100,17,2.4743e-05
1100,18,2.5296e-05
1100,19,2.4754e-05
1100,20,2.4586e-05
1100,21,2.5445e-05
1100,22,2.4817e-05
1100,23,2.2935e-05
1100,24,2.4587e-05
1100,25,2.3974e-05
1100,26,2.4373e-05
1100,27,2.7539e-05
1100,28,2.6502e-05
1100,29,2.7059e-05
1100,30,2.7244e-05
1100,31,2.6482e-05
1100,32,2.7533e-05
1100,33,2.6482e-05
1100,34,2.8099e-05
1100,35,2.7106e-05
1100,36,2.6575e-05
1100,37,2.6949e-05
1100,38,2.7604e-05
1100,39,2.7765e-05
1100,40,2.9143e-05
1100,41,2.7985e-05
1100,42,2.9529e-05
1100,43,2.8201e-05
1100,44,2.7863e-05
1100,45,2.8481e-05
1100,46,3.0212e-05
1100,47,3.0219e-05
1100,48,3.1398e-05
1100,49,3.1808e-05
1100,50,2.9624e-05
1100,51,3.268e-05
1100,52,3.1792e-05
1194,1,0.000563583
1194,2,0.000285495
1194,3,0.000192101
1194,4,0.000144347
1194,5,0.000116362
1194,6,9.7046e-05
1194,7,8.3085e-05
1194,8,7.1641e-05
1194,9,5.776e-05
1194,10,4.9379e-05
1194,11,4.4543e-05
1194,12,3.8235e-05
1194,13,3.6218e-05
1194,14,3.1319e-05
1194,15,3.1782e-05
1194,16,3.0161e-05
1194,17,2.5719e-05
1194,18,2.73e-05
1194,19,2.5878e-05
1194,20,2.7855e-05
1194,21,2.6949e-05
1194,22,2.4298e-05
1194,23,2.3921e-05
1194,24,2.4725e-05
1194,25,2.4683e-05
1194,26,2.4296e-05
1194,27,2.5469e-05
1194,28,2.3272e-05
1194,29,2.4894e-05
1194,30,2.4698e-05
1194,31,2.3443e-05
1194,32,2.5217e-05
1194,33,2.4083e-05
1194,34,2.3064e-05
1194,35,2.3951e-05
1194,36,2.2874e-05
1194,37,2.3336e-05
1194,38,2.3885e-05
1194,39,2.3459e-05
1194,40,2.4081e-05
1194,41,2.4123e-05
1194,42,2.4508e-05
1194,43,2.4161e-05
1194,44,2.2505e-05
1194,45,2.4559e-05
1194,46,2.4899e-05
1194,47,2.4818e-05
1194,48,2.7044e-05
1194,49,2.6476e-05
1194,50,2.6981e-05
1194,51,2.7405e-05
1194,52,2.6387e-05
1288,1,0.0006578
1288,2,0.000339542
1288,3,0.000224153
1288,4,0.00016802
1288,5,0.000136933
1288,6,0.00011422
1288,7,9.852e-05
1288,8,8.7759e-05
1288,9,7.6561e-05
1288,10,6.627e-05
1288,11,5.7601e-05
1288,12,4.8891e-05
1288,13,4.5149e-05
1288,14,3.9418e-05
1288,15,3.7734e-05
1288,16,3.5713e-05
1288,17,3.2242e-05
1288,18,3.1962e-05
1288,19,3.0522e-05
1288,20,3.0384e-05
1288,21,3.0393e-05
1288,22,3.0493e-05
1288,23,2.7797e-05
1288,24,2.8889e-05
1288,25,2.8831e-05
1288,26,2.7828e-05
1288,27,2.8799e-05
1288,28,2.6507e-05
1288,29,2.7861e-05
1288,30,2.8176e-05
1288,31,2.6263e-05
1288,32,2.7806e-05
1288,33,2.8567e-05
1288,34,2.662e-05
1288,35,2.6923e-05
1288,36,2.5464e-05
1288,37,2.6055e-05
1288,38,2.7182e-05
1288,39,2.5758e-05
1288,40,2.6061e-05
1288,41,2.6613e-05
1288,42,2.5931e-05
1288,43,2.7378e-05
1288,44,2.5588e-05
1288,45,2.6785e-05
1288,46,2.6159e-05
1288,47,2.882e-05
1288,48,2.7997e-05
1288,49,2.92e-05
1288,50,2.821e-05
1288,51,3.043e-05
1288,52,2.8948e-05
1383,1,0.000754581
1383,2,0.000381301
1383,3,0.000255717
1383,4,0.000192848
1383,5,0.000157185
1383,6,0.000130721
1383,7,0.000114407
1383,8,0.000101745
1383,9,9.1325e-05
1383,10,8.0881e-05
1383,11,7.0905e-05
1383,12,6.2133e-05
1383,13,5.6086e-05
1383,14,4.5379e-05
1383,15,4.4516e-05
1383,16,4.0799e-05
1383,17,3.5001e-05
1383,18,3.621e-05
1383,19,3.4805e-05
1383,20,3.4044e-05
1383,21,3.5972e-05
1383,22,3.4559e-05
1383,23,3.1386e-05
1383,24,3.0632e-05
1383,25,3.2472e-05
1383,26,3.1674e-05
1383,27,3.3456e-05
1383,28,3.1347e-05
1383,29,3.3363e-05
1383,30,3.3212e-05
1383,31,3.1369e-05
1383,32,3.3386e-05
1383,33,3.3047e-05
1383,34,3.2846e-05
1383,35,3.263e-05
1383,36,2.965e-05
1383,37,3.3259e-05
1383,38,3.1898e-05
1383,39,3.1862e-05
1383,40,3.3328e-05
1383,41,3.3543e-05
1383,42,3.3599e-05
1383,43,3.2975e-05
1383,44,3.2488e-05
1383,45,3.4279e-05
1383,46,3.345e-05
1383,47,3.3197e-05
1383,48,3.5e-05
1383,49,3.5326e-05
1383,50,3.5466e-05
1383,51,3.4646e-05
1383,52,3.5494e-05
1477,1,0.000870077
1477,2,0.000441822
1477,3,0.000294633
1477,4,0.0002229
1477,5,0.000178685
1477,6,0.000149125
1477,7,0.000129483
1477,8,0.00011406
1477,9,0.000103804
1477,10,9.5227e-05
1477,11,8.5153e-05
1477,12,7.561e-05
1477,13,6.8217e-05
1477,14,5.826e-05
1477,15,5.4301e-05
1477,16,4.9406e-05
1477,17,4.4616e-05
1477,18,4.1646e-05
1477,19,3.9484e-05
1477,20,3.4748e-05
1477,21,3.9645e-05
1477,22,3.8262e-05
1477,23,3.3976e-05
1477,24,3.5178e-05
1477,25,3.4442e-05
1477,26,3.3501e-05
1477,27,3.4546e-05
1477,28,3.2253e-05
1477,29,3.3509e-05
1477,30,3.2396e-05
1477,31,3.1273e-05
1477,32,3.1919e-05
1477,33,3.1463e-05
1477,34,3.101e-05
1477,35,3.1121e-05
1477,36,2.9219e-05
1477,37,3.1402e-05
1477,38,3.0874e-05
1477,39,2.878e-05
1477,40,3.0062e-05
1477,41,3.0983e-05
1477,42,3.0689e-05
1477,43,2.9237e-05
1477,44,2.9794e-05
1477,45,2.9482e-05
1477,46,2.903e-05
1477,47,3.0595e-05
1477,48,3.1647e-05
1477,49,3.197e-05
1477,50,3.139e-05
1477,51,3.1775e-05
1477,52,3.1016e-05
1571,1,0.000989217
1571,2,0.000510719
1571,3,0.000339402
1571,4,0.000251132
1571,5,0.000201162
1571,6,0.000168813
1571,7,0.000147699
1571,8,0.000130353
1571,9,0.000115864
1571,10,0.000106007
1571,11,9.7234e-05
1571,12,8.9603e-05
1571,13,8.2544e-05
1571,14,7.3581e-05
1571,15,6.7072e-05
1571,16,6.1636e-05
1571,17,5.3468e-05
1571,18,5.0725e-05
1571,19,4.762e-05
1571,20,4.7935e-05
1571,21,4.673e-05
1571,22,3.991e-05
1571,23,3.9719e-05
1571,24,4.1557e-05
1571,25,4.0016e-05
1571,26,3.8857e-05
1571,27,4.1555e-05
1571,28,3.847e-05
1571,29,4.0035e-05
1571,30,3.873e-05
1571,31,3.7305e-05
1571,32,3.9488e-05
1571,33,3.8149e-05
1571,34,3.7696e-05
1571,35,3.8016e-05
1571,36,3.5699e-05
1571,37,3.669e-05
1571,38,3.7689e-05
1571,39,3.6173e-05
1571,40,3.7705e-05
1571,41,3.8464e-05
1571,42,3.9109e-05
1571,43,3.8063e-05
1571,44,3.5514e-05
1571,45,3.7167e-05
1571,46,3.6508e-05
1571,47,3.6989e-05
1571,48,3.914e-05
1571,49,3.8121e-05
1571,50,3.8233e-05
1571,51,3.8696e-05
1571,52,3.9823e-05
1665,1,0.00113046
1665,2,0.000570826
1665,3,0.000379799
1665,4,0.000282552
1665,5,0.000226288
1665,6,0.000191082
1665,7,0.000162273
1665,8,0.000147122
1665,9,0.000131546
1665,10,0.000118619
1665,11,0.000109354
1665,12,0.000100678
1665,13,9.4323e-05
1665,14,8.6092e-05
1665,15,8.0906e-05
1665,16,7.3822e-05
1665,17,6.6101e-05
1665,18,6.1571e-05
1665,19,5.5943e-05
1665,20,5.0289e-05
1665,21,5.4111e-05
1665,22,4.902e-05
1665,23,4.5874e-05
1665,24,4.5065e-05
1665,25,4.3395e-05
1665,26,4.2365e-05
1665,27,4.4202e-05
1665,28,4.101e-05
1665,29,4.1817e-05
1665,30,4.3039e-05
1665,31,3.9588e-05
1665,32,4.0641e-05
1665,33,4.0607e-05
1665,34,4.0969e-05
1665,35,4.1258e-05
1665,36,3.8793e-05
1665,37,3.9036e-05
1665,38,3.9664e-05
1665,39,3.7335e-05
1665,40,3.9866e-05
1665,41,3.9566e-05
1665,42,3.9492e-05
1665,43,3.8909e-05
1665,44,3.727e-05
1665,45,3.8972e-05
1665,46,3.9164e-05
1665,47,4.0408e-05
1665,48,4.126e-05
1665,49,4.1049e-05
1665,50,4.0478e-05
1665,51,4.2014e-05
1665,52,4.0724e-05
1760,1,0.0012411
1760,2,0.000627599
1760,3,0.000420022
1760,4,0.000327249
1760,5,0.000257009
1760,6,0.000214416
1760,7,0.000184314
1760,8,0.000166455
1760,9,0.000148135
1760,10,0.000134466
1760,11,0.000122821
1760,12,0.000112835
1760,13,0.000104799
1760,14,9.8437e-05
1760,15,9.4149e-05
1760,16,9.0456e-05
1760,17,8.4054e-05
1760,18,8.0505e-05
1760,19,7.0593e-05
1760,20,6.2475e-05
1760,21,6.4125e-05
1760,22,5.9937e-05
1760,23,5.4119e-05
1760,24,5.4021e-05
1760,25,5.2083e-05
1760,26,4.868e-05
1760,27,5.0275e-05
1760,28,4.5199e-05
1760,29,4.7223e-05
1760,30,4.6935e-05
1760,31,4.3785e-05
1760,32,4.5325e-05
1760,33,4.4935e-05
1760,34,4.35e-05
1760,35,4.4705e-05
1760,36,4.1717e-05
1760,37,4.2479e-05
1760,38,4.4054e-05
1760,39,4.0096e-05
1760,40,4.3114e-05
1760,41,4.3481e-05
1760,42,4.1897e-05
1760,43,4.1605e-05
1760,44,4.0767e-05
1760,45,4.3354e-05
1760,46,4.3704e-05
1760,47,4.0771e-05
1760,48,4.653e-05
1760,49,4.3898e-05
1760,50,4.2923e-05
1760,51,4.2913e-05
1760,52,4.3959e-05
1854,1,0.00161172
1854,2,0.000729369
1854,3,0.00046584
1854,4,0.000353382
1854,5,0.000289279
1854,6,0.000236656
1854,7,0.000209579
1854,8,0.000188411
1854,9,0.000164781
1854,10,0.000149676
1854,11,0.000136818
1854,12,0.000124879
1854,13,0.000115877
1854,14,0.000109558
1854,15,0.000105957
1854,16,0.000102709
1854,17,9.8339e-05
1854,18,9.4698e-05
1854,19,8.7419e-05
1854,20,8.0733e-05
1854,21,7.5379e-05
1854,22,7.0045e-05
1854,23,6.1792e-05
1854,24,5.9331e-05
1854,25,5.5753e-05
1854,26,5.3957e-05
1854,27,4.9796e-05
1854,28,4.5913e-05
1854,29,4.6565e-05
1854,30,4.483e-05
1854,31,4.1397e-05
1854,32,4.3468e-05
1854,33,4.2446e-05
1854,34,4.147e-05
1854,35,4.1772e-05
1854,36,3.8668e-05
1854,37,3.9493e-05
1854,38,4.0867e-05
1854,39,3.8129e-05
1854,40,3.9328e-05
1854,41,3.8039e-05
1854,42,3.9058e-05
1854,43,3.7892e-05
1854,44,3.595e-05
1854,45,3.8122e-05
1854,46,3.7317e-05
1854,47,3.7509e-05
1854,48,3.8895e-05
1854,49,3.9344e-05
1854,50,3.9048e-05
1854,51,3.6677e-05
1854,52,3.6878e-05
1948,1,0.00172494
1948,2,0.000837077
1948,3,0.000572652
1948,4,0.000413763
1948,5,0.000334569
1948,6,0.000278424
1948,7,0.000256121
1948,8,0.000216372
1948,9,0.00018981
1948,10,0.000176396
1948,11,0.000160022
1948,12,0.000141906
1948,13,0.000133051
1948,14,0.00012215
1948,15,0.000117708
1948,16,0.000114615
1948,17,0.000111851
1948,18,0.000109804
1948,19,0.000102122
1948,20,9.2776e-05
1948,21,9.1805e-05
1948,22,8.6526e-05
1948,23,7.9591e-05
1948,24,7.6633e-05
1948,25,7.1943e-05
1948,26,6.6652e-05
1948,27,6.8662e-05
1948,28,5.7819e-05
1948,29,5.9785e-05
1948,30,5.7544e-05
1948,31,5.2785e-05
1948,32,5.4516e-05
1948,33,5.4666e-05
1948,34,5.2011e-05
1948,35,5.1314e-05
1948,36,4.4487e-05
1948,37,4.9798e-05
1948,38,4.9745e-05
1948,39,4.3861e-05
1948,40,4.7619e-05
1948,41,4.6595e-05
1948,42,4.6366e-05
1948,43,4.598e-05
1948,44,4.1737e-05
1948,45,4.5601e-05
1948,46,4.582e-05
1948,47,4.7413e-05
1948,48,4.8616e-05
1948,49,4.7823e-05
1948,50,4.8193e-05
1948,51,4.5932e-05
1948,52,4.6028e-05
2042,1,0.00195446
2042,2,0.000972389
2042,3,0.000716043
2042,4,0.000552348
2042,5,0.000388881
2042,6,0.000364699
2042,7,0.000333044
2042,8,0.000249756
2042,9,0.000211893
2042,10,0.000236859
2042,11,0.000177861
2042,12,0.000168347
2042,13,0.000149805
2042,14,0.000137671
2042,15,0.000131205
2042,16,0.000126058
2042,17,0.000123898
2042,18,0.000120598
2042,19,0.000114204
2042,20,0.000106214
2042,21,0.000104655
2042,22,9.8953e-05
2042,23,9.5308e-05
2042,24,9.1584e-05
2042,25,8.7012e-05
2042,26,8.0976e-05
2042,27,7.5109e-05
2042,28,6.5639e-05
2042,29,6.5469e-05
2042,30,6.2252e-05
2042,31,5.6172e-05
2042,32,5.8038e-05
2042,33,5.4477e-05
2042,34,5.6056e-05
2042,35,5.3363e-05
2042,36,4.9787e-05
2042,37,4.8865e-05
2042,38,4.8192e-05
2042,39,4.2664e-05
2042,40,4.649e-05
2042,41,4.4446e-05
2042,42,4.316e-05
2042,43,4.3101e-05
2042,44,4.1649e-05
2042,45,4.244e-05
2042,46,4.329e-05
2042,47,3.9853e-05
2042,48,4.2598e-05
2042,49,4.3384e-05
2042,50,4.2859e-05
2042,51,4.1972e-05
2042,52,4.2439e-05
2136,1,0.00242165
2136,2,0.00132508
2136,3,0.000823467
2136,4,0.000636404
2136,5,0.000515613
2136,6,0.000390849
2136,7,0.000341444
2136,8,0.000320021
2136,9,0.000262327
2136,10,0.000240695
2136,11,0.000213233
2136,12,0.000206064
2136,13,0.000203163
2136,14,0.000166187
2136,15,0.000157802
2136,16,0.000148804
2136,17,0.000137096
2136,18,0.000135194
2136,19,0.000125673
2136,20,0.000120042
2136,21,0.000119336
2136,22,0.000115514
2136,23,0.000112065
2136,24,0.000108313
2136,25,0.000106025
2136,26,0.000100517
2136,27,9.7055e-05
2136,28,0.000101504
2136,29,8.3202e-05
2136,30,7.812e-05
2136,31,6.9585e-05
2136,32,6.915e-05
2136,33,6.7271e-05
2136,34,6.4067e-05
2136,35,6.6496e-05
2136,36,5.7965e-05
2136,37,6.117e-05
2136,38,5.7717e-05
2136,39,5.025e-05
2136,40,5.5397e-05
2136,41,5.6582e-05
2136,42,5.0717e-05
2136,43,5.0156e-05
2136,44,4.6461e-05
2136,45,5.1833e-05
2136,46,4.8763e-05
2136,47,4.6174e-05
2136,48,4.9429e-05
2136,49,4.8692e-05
2136,50,4.9773e-05
2136,51,5.0216e-05
2136,52,4.5081e-05
2231,1,0.00264021
2231,2,0.00134329
2231,3,0.00101334
2231,4,0.000755285
2231,5,0.000577818
2231,6,0.00053663
2231,7,0.000414333
2231,8,0.000358772
2231,9,0.000322293
2231,10,0.000289676
2231,11,0.000252996
2231,12,0.000312385
2231,13,0.000213104
2231,14,0.000202101
2231,15,0.000191867
2231,16,0.000206026
2231,17,0.000154276
2231,18,0.000145645
2231,19,0.000141929
2231,20,0.000134449
2231,21,0.000133237
2231,22,0.00013218
2231,23,0.000126473
2231,24,0.000122557
2231,25,0.000119404
2231,26,0.000117319
2231,27,0.000111226
2231,28,0.000104494
2231,29,0.000102582
2231,30,9.4708e-05
2231,31,8.7554e-05
2231,32,8.5893e-05
2231,33,7.981e-05
2231,34,7.677e-05
2231,35,7.1284e-05
2231,36,6.5711e-05
2231,37,6.7661e-05
2231,38,6.597e-05
2231,39,5.801e-05
2231,40,6.1353e-05
2231,41,6.3113e-05
2231,42,6.268e-05
2231,43,6.0573e-05
2231,44,5.3484e-05
2231,45,5.7106e-05
2231,46,5.6683e-05
2231,47,5.1494e-05
2231,48,5.6402e-05
2231,49,5.9783e-05
2231,50,5.8403e-05
2231,51,5.7683e-05
2231,52,5.337e-05
2325,1,0.00313526
2325,2,0.00159464
2325,3,0.00116087
2325,4,0.00082323
2325,5,0.000689877
2325,6,0.000595512
2325,7,0.000561688
2325,8,0.000541358
2325,9,0.000469289
2325,10,0.000331267
2325,11,0.0003135
2325,12,0.000277277
2325,13,0.000289141
2325,14,0.000223849
2325,15,0.000218182
2325,16,0.000195304
2325,17,0.000218742
2325,18,0.000176007
2325,19,0.000170984
2325,20,0.00015679
2325,21,0.000159162
2325,22,0.000146218
2325,23,0.000145292
2325,24,0.000134241
2325,25,0.000132429
2325,26,0.000129752
2325,27,0.000130626
2325,28,0.000119899
2325,29,0.000117228
2325,30,0.000110938
2325,31,0.000103661
2325,32,9.9192e-05
2325,33,9.5097e-05
2325,34,9.0602e-05
2325,35,8.6145e-05
2325,36,7.7506e-05
2325,37,7.7213e-05
2325,38,7.6939e-05
2325,39,7.0924e-05
2325,40,7.11e-05
2325,41,6.9173e-05
2325,42,6.9804e-05
2325,43,6.8684e-05
2325,44,6.0514e-05
2325,45,6.2266e-05
2325,46,6.0173e-05
2325,47,5.5533e-05
2325,48,5.7759e-05
2325,49,5.8909e-05
2325,50,5.7459e-05
2325,51,5.7473e-05
2325,52,5.1797e-05
2419,1,0.00359093
2419,2,0.0019182
2419,3,0.001295
2419,4,0.000919706
2419,5,0.000733885
2419,6,0.000649672
2419,7,0.000537694
2419,8,0.000480524
2419,9,0.00042351
2419,10,0.000431291
2419,11,0.000410864
2419,12,0.00036817
2419,13,0.0002784
2419,14,0.00024838
2419,15,0.000257809
2419,16,0.000336223
2419,17,0.00021366
2419,18,0.000203295
2419,19,0.000194009
2419,20,0.00017491
2419,21,0.000189294
2419,22,0.000165027
2419,23,0.000154443
2419,24,0.00015877
2419,25,0.000157115
2419,26,0.00014438
2419,27,0.000141223
2419,28,0.000131717
2419,29,0.000127735
2419,30,0.000123407
2419,31,0.000120127
2419,32,0.000113388
2419,33,0.000111349
2419,34,0.000106446
2419,35,0.000100151
2419,36,9.2957e-05
2419,37,9.1488e-05
2419,38,8.7755e-05
2419,39,8.018e-05
2419,40,8.0555e-05
2419,41,7.937e-05
2419,42,7.8731e-05
2419,43,7.3656e-05
2419,44,6.6974e-05
2419,45,7.1452e-05
2419,46,6.8955e-05
2419,47,6.552e-05
2419,48,7.1289e-05
2419,49,6.9028e-05
2419,50,6.7832e-05
2419,51,6.3183e-05
2419,52,5.8196e-05
2513,1,0.00399005
2513,2,0.00213044
2513,3,0.00141436
2513,4,0.00101341
2513,5,0.000819261
2513,6,0.000675788
2513,7,0.000587982
2513,8,0.000559745
2513,9,0.000488569
2513,10,0.000442882
2513,11,0.000401253
2513,12,0.000426032
2513,13,0.000361557
2513,14,0.000331432
2513,15,0.000312565
2513,16,0.000298347
2513,17,0.000272673
2513,18,0.000240934
2513,19,0.000251101
2513,20,0.000206266
2513,21,0.000198556
2513,22,0.000192781
2513,23,0.000190025
2513,24,0.000176036
2513,25,0.000170841
2513,26,0.000172213
2513,27,0.000155657
2513,28,0.000149573
2513,29,0.000140319
2513,30,0.000146229
2513,31,0.000132597
2513,32,0.000128281
2513,33,0.000122296
2513,34,0.000117475
2513,35,0.000113431
2513,36,0.000108581
2513,37,0.000123981
2513,38,0.000101312
2513,39,0.000120105
2513,40,9.3747e-05
2513,41,8.896e-05
2513,42,8.4671e-05
2513,43,0.000106609
2513,44,7.5498e-05
2513,45,7.7849e-05
2513,46,7.8078e-05
2513,47,7.1787e-05
2513,48,8.0669e-05
2513,49,7.286e-05
2513,50,7.3325e-05
2513,51,6.8935e-05
2513,52,6.6714e-05
2608,1,0.0044284
2608,2,0.00228233
2608,3,0.00152027
2608,4,0.001159
2608,5,0.000978306
2608,6,0.000794692
2608,7,0.000675733
2608,8,0.000637078
2608,9,0.000570474
2608,10,0.000622227
2608,11,0.000515
2608,12,0.000489443
2608,13,0.00046705
2608,14,0.000443534
2608,15,0.000391204
2608,16,0.00037958
2608,17,0.000334943
2608,18,0.000324729
2608,19,0.000308045
2608,20,0.000313978
2608,21,0.000282021
2608,22,0.000235962
2608,23,0.000254812
2608,24,0.000232758
2608,25,0.000292209
2608,26,0.000187083
2608,27,0.000178946
2608,28,0.000172545
2608,29,0.000168335
2608,30,0.000158081
2608,31,0.000144738
2608,32,0.000139993
2608,33,0.000133297
2608,34,0.00013565
2608,35,0.000127028
2608,36,0.000121855
2608,37,0.000119406
2608,38,0.00011838
2608,39,0.000108294
2608,40,0.000106729
2608,41,0.000103267
2608,42,9.8938e-05
2608,43,9.4939e-05
2608,44,8.8477e-05
2608,45,8.8928e-05
2608,46,8.7166e-05
2608,47,7.8637e-05
2608,48,8.4209e-05
2608,49,8.2464e-05
2608,50,8.0178e-05
2608,51,7.857e-05
2608,52,7.339e-05
2702,1,0.00472621
2702,2,0.0024366
2702,3,0.00168811
2702,4,0.00123169
2702,5,0.00109825
2702,6,0.000888969
2702,7,0.000797349
2702,8,0.000721521
2702,9,0.000658907
2702,10,0.000632833
2702,11,0.000620824
2702,12,0.000560255
2702,13,0.000539739
2702,14,0.0005334
2702,15,0.000486085
2702,16,0.000464866
2702,17,0.000451579
2702,18,0.000450543
2702,19,0.00042354
2702,20,0.000371533
2702,21,0.000374244
2702,22,0.000318535
2702,23,0.0002897
2702,24,0.000292261
2702,25,0.000263072
2702,26,0.000235879
2702,27,0.000233251
2702,28,0.000207345
2702,29,0.000170241
2702,30,0.000173505
2702,31,0.00015531
2702,32,0.000151432
2702,33,0.000144764
2702,34,0.000139102
2702,35,0.000136077
2702,36,0.000131125
2702,37,0.000131629
2702,38,0.000123701
2702,39,0.00012164
2702,40,0.000117948
2702,41,0.000113709
2702,42,0.000110786
2702,43,0.000106096
2702,44,0.000100917
2702,45,9.7661e-05
2702,46,0.000101117
2702,47,9.1049e-05
2702,48,8.9858e-05
2702,49,8.8545e-05
2702,50,8.4767e-05
2702,51,8.2845e-05
2702,52,7.6856e-05
2796,1,0.00540435
2796,2,0.00266963
2796,3,0.00178776
2796,4,0.00140824
2796,5,0.0011709
2796,6,0.00103854
2796,7,0.000867107
2796,8,0.000788958
2796,9,0.000770162
2796,10,0.000728137
2796,11,0.000683702
2796,12,0.000670587
2796,13,0.00063344
2796,14,0.000626166
2796,15,0.000576034
2796,16,0.000585553
2796,17,0.000531311
2796,18,0.000561917
2796,19,0.000510411
2796,20,0.000474907
2796,21,0.000444213
2796,22,0.000413521
2796,23,0.000418957
2796,24,0.000431542
2796,25,0.000376943
2796,26,0.000340909
2796,27,0.000310788
2796,28,0.000238374
2796,29,0.000212516
2796,30,0.000194922
2796,31,0.000176188
2796,32,0.000169048
2796,33,0.000167375
2796,34,0.000153707
2796,35,0.000155403
2796,36,0.000142947
2796,37,0.000140955
2796,38,0.000137034
2796,39,0.000131594
2796,40,0.000127341
2796,41,0.000125409
2796,42,0.00012108
2796,43,0.000117993
2796,44,0.000116531
2796,45,0.000112071
2796,46,0.00010943
2796,47,0.000102253
2796,48,0.000101614
2796,49,0.000103438
2796,50,0.000101542
2796,51,9.7304e-05
2796,52,8.8181e-05
2890,1,0.00574914
2890,2,0.00285509
2890,3,0.00196317
2890,4,0.00151351
2890,5,0.00126898
2890,6,0.00110288
2890,7,0.000962494
2890,8,0.000889078
2890,9,0.000880958
2890,10,0.000806468
2890,11,0.000813913
2890,12,0.000757975
2890,13,0.000713854
2890,14,0.000702785
2890,15,0.000699525
2890,16,0.000669166
2890,17,0.000655976
2890,18,0.000612887
2890,19,0.000601313
2890,20,0.000569814
2890,21,0.000589041
2890,22,0.000536235
2890,23,0.000521112
2890,24,0.000571149
2890,25,0.000483608
2890,26,0.000443578
2890,27,0.000360621
2890,28,0.000372424
2890,29,0.000263438
2890,30,0.000262205
2890,31,0.000211488
2890,32,0.000210142
2890,33,0.000186598
2890,34,0.000182361
2890,35,0.00016529
2890,36,0.000161223
2890,37,0.000149341
2890,38,0.000147857
2890,39,0.000141297
2890,40,0.000138804
2890,41,0.000135372
2890,42,0.000131528
2890,43,0.000128592
2890,44,0.000124456
2890,45,0.000123766
2890,46,0.000118769
2890,47,0.000116969
2890,48,0.000122212
2890,49,0.000110362
2890,50,0.000106108
2890,51,0.000103656
2890,52,9.8821e-05
2984,1,0.00635437
2984,2,0.0031806
2984,3,0.0021809
2984,4,0.00167515
2984,5,0.00138844
2984,6,0.0012258
2984,7,0.00104504
2984,8,0.00100927
2984,9,0.00097776
2984,10,0.000998386
2984,11,0.000872072
2984,12,0.000848072
2984,13,0.000820538
2984,14,0.000801626
2984,15,0.000797689
2984,16,0.000780427
2984,17,0.000806043
2984,18,0.000757837
2984,19,0.000702118
2984,20,0.000700818
2984,21,0.000662087
2984,22,0.000663285
2984,23,0.000679524
2984,24,0.000609833
2984,25,0.000617232
2984,26,0.00056351
2984,27,0.00051631
2984,28,0.000437994
2984,29,0.000374404
2984,30,0.000344901
2984,31,0.000287248
2984,32,0.000239304
2984,33,0.000230534
2984,34,0.000236363
2984,35,0.000191677
2984,36,0.000178589
2984,37,0.00017353
2984,38,0.000191424
2984,39,0.000160044
2984,40,0.000148918
2984,41,0.000209979
2984,42,0.00014055
2984,43,0.000139077
2984,44,0.000133058
2984,45,0.000132389
2984,46,0.000132077
2984,47,0.000125246
2984,48,0.00012327
2984,49,0.000118531
2984,50,0.000117997
2984,51,0.000114865
2984,52,0.000111317
3079,1,0.00663839
3079,2,0.00351954
3079,3,0.00241571
3079,4,0.00173064
3079,5,0.00151582
3079,6,0.00132245
3079,7,0.00124232
3079,8,0.00112152
3079,9,0.00103197
3079,10,0.00106988
3079,11,0.0009882
3079,12,0.000946916
3079,13,0.000931338
3079,14,0.000935086
3079,15,0.000890727
3079,16,0.000903121
3079,17,0.000895798
3079,18,0.000882213
3079,19,0.000847593
3079,20,0.000851033
3079,21,0.000821019
3079,22,0.000825201
3079,23,0.000786754
3079,24,0.000802292
3079,25,0.00080108
3079,26,0.000727762
3079,27,0.000686308
3079,28,0.00053733
3079,29,0.000508096
3079,30,0.00041824
3079,31,0.000374694
3079,32,0.000366895
3079,33,0.000317178
3079,34,0.000249813
3079,35,0.000258128
3079,36,0.000194607
3079,37,0.00018618
3079,38,0.000184053
3079,39,0.000171409
3079,40,0.000169615
3079,41,0.000156746
3079,42,0.000155311
3079,43,0.000158841
3079,44,0.000142368
3079,45,0.000144517
3079,46,0.000141586
3079,47,0.000137173
3079,48,0.000136101
3079,49,0.000129084
3079,50,0.000128659
3079,51,0.000128565
3079,52,0.000126524
3173,1,0.0072723
3173,2,0.00379987
3173,3,0.00250148
3173,4,0.00193675
3173,5,0.00167731
3173,6,0.00147918
3173,7,0.00134036
3173,8,0.00128483
3173,9,0.00118048
3173,10,0.00116541
3173,11,0.00109998
3173,12,0.0010632
3173,13,0.00109216
3173,14,0.00106843
3173,15,0.001063
3173,16,0.00103059
3173,17,0.00109871
3173,18,0.00101316
3173,19,0.000997266
3173,20,0.000951721
3173,21,0.000935097
3173,22,0.000949581
3173,23,0.00091224
3173,24,0.000929145
3173,25,0.000911804
3173,26,0.000915051
3173,27,0.000795913
3173,28,0.000696494
3173,29,0.000605162
3173,30,0.000508648
3173,31,0.000461892
3173,32,0.000404408
3173,33,0.0003966
3173,34,0.000338906
3173,35,0.000303656
3173,36,0.000264142
3173,37,0.000251467
3173,38,0.000200788
3173,39,0.000218472
3173,40,0.000192901
3173,41,0.000178008
3173,42,0.000173644
3173,43,0.000162829
3173,44,0.000161764
3173,45,0.000154269
3173,46,0.000149507
3173,47,0.000145787
3173,48,0.000152807
3173,49,0.000140652
3173,50,0.000136056
3173,51,0.000135618
3173,52,0.000137102
3267,1,0.00785035
3267,2,0.00396654
3267,3,0.00266511
3267,4,0.00211536
3267,5,0.0017611
3267,6,0.00167247
3267,7,0.00150603
3267,8,0.00134496
3267,9,0.00126037
3267,10,0.00120765
3267,11,0.0012078
3267,12,0.00118481
3267,13,0.00119153
3267,14,0.00112474
3267,15,0.00113199
3267,16,0.00116893
3267,17,0.00109007
3267,18,0.00111974
3267,19,0.00106773
3267,20,0.00107699
3267,21,0.00107166
3267,22,0.0010547
3267,23,0.00106459
3267,24,0.0010621
3267,25,0.00103077
3267,26,0.00104378
3267,27,0.000921357
3267,28,0.000829489
3267,29,0.000731056
3267,30,0.000723443
3267,31,0.000576863
3267,32,0.000510789
3267,33,0.000483662
3267,34,0.000429722
3267,35,0.000362695
3267,36,0.000317991
3267,37,0.000291329
3267,38,0.000282797
3267,39,0.000259849
3267,40,0.000207632
3267,41,0.000201567
3267,42,0.000193459
3267,43,0.000209853
3267,44,0.000171328
3267,45,0.000163893
3267,46,0.000166513
3267,47,0.000175779
3267,48,0.000149975
3267,49,0.000148853
3267,50,0.000166522
3267,51,0.000145138
3267,52,0.00014228
3361,1,0.00834831
3361,2,0.00434263
3361,3,0.00290532
3361,4,0.00230928
3361,5,0.00193097
3361,6,0.0016978
3361,7,0.00149805
3361,8,0.00151918
3361,9,0.00137469
3361,10,0.00133686
3361,11,0.00130408
3361,12,0.00127806
3361,13,0.00126823
3361,14,0.00124241
3361,15,0.0012443
3361,16,0.0013064
3361,17,0.00123331
3361,18,0.00120989
3361,19,0.00121858
3361,20,0.00121926
3361,21,0.00122826
3361,22,0.00120057
3361,23,0.00118687
3361,24,0.00116642
3361,25,0.00115408
3361,26,0.00117579
3361,27,0.00106655
3361,28,0.00100624
3361,29,0.00089038
3361,30,0.000800703
3361,31,0.000730557
3361,32,0.000616672
3361,33,0.000684561
3361,34,0.000481337
3361,35,0.000455155
3361,36,0.000443517
3361,37,0.000376431
3361,38,0.000346491
3361,39,0.000341102
3361,40,0.000267954
3361,41,0.000250196
3361,42,0.000207048
3361,43,0.000202763
3361,44,0.000183958
3361,45,0.000198447
3361,46,0.000175779
3361,47,0.000179129
3361,48,0.000163801
3361,49,0.000164048
3361,50,0.000160136
3361,51,0.000154428
3361,52,0.000157502
3456,1,0.00890888
3456,2,0.00452603
3456,3,0.0030776
3456,4,0.00239019
3456,5,0.00207645
3456,6,0.00186531
3456,7,0.00166251
3456,8,0.00156346
3456,9,0.00152263
3456,10,0.00153492
3456,11,0.00139485
3456,12,0.00140913
3456,13,0.00145158
3456,14,0.00137915
3456,15,0.00143972
3456,16,0.00134008
3456,17,0.00134677
3456,18,0.00134011
3456,19,0.00133951
3456,20,0.00132508
3456,21,0.00133179
3456,22,0.00133666
3456,23,0.00134872
3456,24,0.00131488
3456,25,0.00127312
3456,26,0.00128993
3456,27,0.00120632
3456,28,0.00114091
3456,29,0.00104736
3456,30,0.000962451
3456,31,0.000879245
3456,32,0.000899909
3456,33,0.000735179
3456,34,0.000643483
3456,35,0.000637934
3456,36,0.000522222
3456,37,0.000539515
3456,38,0.000451469
3456,39,0.000347785
3456,40,0.000372365
3456,41,0.000315686
3456,42,0.000375179
3456,43,0.000243646
3456,44,0.000252296
3456,45,0.000243165
3456,46,0.000212198
3456,47,0.00019945
3456,48,0.000183931
3456,49,0.000194895
3456,50,0.00017544
3456,51,0.000174019
3456,52,0.000167199
3550,1,0.00929881
3550,2,0.00487371
3550,3,0.00328695
3550,4,0.00261868
3550,5,0.00221372
3550,6,0.00197336
3550,7,0.00177452
3550,8,0.0016481
3550,9,0.00163749
3550,10,0.00157371
3550,11,0.00153224
3550,12,0.00152762
3550,13,0.00146691
3550,14,0.00147383
3550,15,0.00146748
3550,16,0.00157673
3550,17,0.00145624
3550,18,0.00147383
3550,19,0.00147236
3550,20,0.00141092
3550,21,0.0013978
3550,22,0.00142079
3550,23,0.00140044
3550,24,0.00143407
3550,25,0.00142344
3550,26,0.0013945
3550,27,0.00131091
3550,28,0.00121134
3550,29,0.00112966
3550,30,0.00105168
3550,31,0.00100006
3550,32,0.00091653
3550,33,0.000829544
3550,34,0.000771937
3550,35,0.000691726
3550,36,0.000673154
3550,37,0.000548603
3550,38,0.000570332
3550,39,0.000459359
3550,40,0.000495332
3550,41,0.000401577
3550,42,0.000362592
3550,43,0.000325506
3550,44,0.000295756
3550,45,0.000268279
3550,46,0.000242478
3550,47,0.000230627
3550,48,0.000209093
3550,49,0.000199555
3550,50,0.000198491
3550,51,0.00018968
3550,52,0.000211356
3644,1,0.0101562
3644,2,0.0051706
3644,3,0.0034162
3644,4,0.00279695
3644,5,0.00230697
3644,6,0.00210639
3644,7,0.00194116
3644,8,0.00184201
3644,9,0.00178732
3644,10,0.0016962
3644,11,0.00165775
3644,12,0.00166821
3644,13,0.00162426
3644,14,0.00158612
3644,15,0.00158225
3644,16,0.00155817
3644,17,0.00157249
3644,18,0.00151939
3644,19,0.00152626
3644,20,0.00158925
3644,21,0.00150544
3644,22,0.00152394
3644,23,0.00153572
3644,24,0.00153062
3644,25,0.00156544
3644,26,0.00154466
3644,27,0.00146917
3644,28,0.00137762
3644,29,0.00128522
3644,30,0.00121342
3644,31,0.00110816
3644,32,0.0010345
3644,33,0.00101797
3644,34,0.000894448
3644,35,0.000813193
3644,36,0.000763472
3644,37,0.000731038
3644,38,0.00064455
3644,39,0.000616142
3644,40,0.000527691
3644,41,0.000625498
3644,42,0.000440628
3644,43,0.000386998
3644,44,0.000514292
3644,45,0.000367258
3644,46,0.000373129
3644,47,0.000270486
3644,48,0.000257303
3644,49,0.000274806
3644,50,0.000236775
3644,51,0.000195462
3644,52,0.00024649
3738,1,0.010629
3738,2,0.00553883
3738,3,0.00360514
3738,4,0.00286096
3738,5,0.00240234
3738,6,0.00222482
3738,7,0.00212854
3738,8,0.00192705
3738,9,0.00187634
3738,10,0.00180909
3738,11,0.00188261
3738,12,0.00178954
3738,13,0.00175653
3738,14,0.00176173
3738,15,0.0017117
3738,16,0.00168775
3738,17,0.00166235
3738,18,0.00170104
3738,19,0.00165234
3738,20,0.00165828
3738,21,0.00163251
3738,22,0.00167337
3738,23,0.00163817
3738,24,0.00165191
3738,25,0.00167486
3738,26,0.00168971
3738,27,0.00160651
3738,28,0.00148439
3738,29,0.00140458
3738,30,0.00127907
3738,31,0.00123432
3738,32,0.00117116
3738,33,0.00106327
3738,34,0.00105481
3738,35,0.00101042
3738,36,0.000905873
3738,37,0.000827412
3738,38,0.000759909
3738,39,0.000705605
3738,40,0.000631889
3738,41,0.00061723
3738,42,0.000526335
3738,43,0.00048162
3738,44,0.000475337
3738,45,0.000406267
3738,46,0.000394523
3738,47,0.000417827
3738,48,0.000326293
3738,49,0.000303054
3738,50,0.000299098
3738,51,0.000288707
3738,52,0.000246865
3832,1,0.0113944
3832,2,0.00593607
3832,3,0.0039262
3832,4,0.00318072
3832,5,0.00266037
3832,6,0.00237563
3832,7,0.00222027
3832,8,0.00213205
3832,9,0.00203798
3832,10,0.00193393
3832,11,0.00194859
3832,12,0.00185859
3832,13,0.00186556
3832,14,0.00186436
3832,15,0.00184553
3832,16,0.00180936
3832,17,0.00183546
3832,18,0.00185003
3832,19,0.00177606
3832,20,0.00176561
3832,21,0.00176799
3832,22,0.00178395
3832,23,0.00177446
3832,24,0.00181808
3832,25,0.0018537
3832,26,0.00177795
3832,27,0.00164814
3832,28,0.00159107
3832,29,0.00150925
3832,30,0.00139471
3832,31,0.00136204
3832,32,0.00129332
3832,33,0.00121383
3832,34,0.00112287
3832,35,0.00108775
3832,36,0.00101849
3832,37,0.000927251
3832,38,0.000891881
3832,39,0.000805368
3832,40,0.0007583
3832,41,0.000682458
3832,42,0.000664869
3832,43,0.000561068
3832,44,0.000532574
3832,45,0.000532429
3832,46,0.000457653
3832,47,0.000425495
3832,48,0.000420055
3832,49,0.000330941
3832,50,0.000340782
3832,51,0.000345871
3832,52,0.000308802
3927,1,0.0117781
3927,2,0.00593803
3927,3,0.00392644
3927,4,0.00324902
3927,5,0.0027417
3927,6,0.00253955
3927,7,0.0023427
3927,8,0.00220829
3927,9,0.00221867
3927,10,0.00213485
3927,11,0.00207987
3927,12,0.0020552
3927,13,0.00196484
3927,14,0.00200014
3927,15,0.00199703
3927,16,0.00194904
3927,17,0.00191466
3927,18,0.00189215
3927,19,0.0019326
3927,20,0.00193979
3927,21,0.00188637
3927,22,0.00190508
3927,23,0.00194531
3927,24,0.00192575
3927,25,0.00188685
3927,26,0.00190606
3927,27,0.00179704
3927,28,0.00168678
3927,29,0.00160696
3927,30,0.00156909
3927,31,0.00148233
3927,32,0.0013853
3927,33,0.00132769
3927,34,0.00124446
3927,35,0.00119808
3927,36,0.00112366
3927,37,0.00105213
3927,38,0.00100085
3927,39,0.000940847
3927,40,0.000848441
3927,41,0.000823797
3927,42,0.000766396
3927,43,0.000717379
3927,44,0.000698461
3927,45,0.000587068
3927,46,0.000567464
3927,47,0.000620326
3927,48,0.000461735
3927,49,0.000438649
3927,50,0.000398618
3927,51,0.000378015
3927,52,0.000365961
4021,1,0.0125444
4021,2,0.0064102
4021,3,0.00423696
4021,4,0.00338381
4021,5,0.00294928
4021,6,0.00279966
4021,7,0.00247864
4021,8,0.00239961
4021,9,0.00226762
4021,10,0.00224873
4021,11,0.0021217
4021,12,0.00218498
4021,13,0.00218626
4021,14,0.0021942
4021,15,0.00208776
4021,16,0.00215044
4021,17,0.00211346
4021,18,0.0021581
4021,19,0.00208634
4021,20,0.00206392
4021,21,0.00206692
4021,22,0.00205132
4021,23,0.00204753
4021,24,0.00203322
4021,25,0.00210275
4021,26,0.00207489
4021,27,0.00190898
4021,28,0.00182905
4021,29,0.00173854
4021,30,0.0016585
4021,31,0.00157592
4021,32,0.0014719
4021,33,0.00145524
4021,34,0.00137562
4021,35,0.0013093
4021,36,0.00123051
4021,37,0.00117335
4021,38,0.00111796
4021,39,0.00103537
4021,40,0.00098714
4021,41,0.000936344
4021,42,0.000934071
4021,43,0.000861253
4021,44,0.000764925
4021,45,0.000679427
4021,46,0.000686801
4021,47,0.000624546
4021,48,0.000542804
4021,49,0.000562826
4021,50,0.0004821
4021,51,0.000477219
4021,52,0.000432317
4115,1,0.0131619
4115,2,0.00679392
4115,3,0.00448055
4115,4,0.0036066
4115,5,0.00312944
4115,6,0.0028644
4115,7,0.002577
4115,8,0.002501
4115,9,0.00244232
4115,10,0.0024109
4115,11,0.00231367
4115,12,0.00227964
4115,13,0.00237604
4115,14,0.00222406
4115,15,0.00226715
4115,16,0.00225353
4115,17,0.00223686
4115,18,0.00229752
4115,19,0.00217961
4115,20,0.00224451
4115,21,0.00224064
4115,22,0.00219556
4115,23,0.00216014
4115,24,0.00216396
4115,25,0.00221086
4115,26,0.00223389
4115,27,0.00211525
4115,28,0.00195431
4115,29,0.00187767
4115,30,0.00176427
4115,31,0.00169008
4115,32,0.00159511
4115,33,0.00158871
4115,34,0.00145277
4115,35,0.00143428
4115,36,0.00131651
4115,37,0.00125334
4115,38,0.00126243
4115,39,0.0012039
4115,40,0.00111092
4115,41,0.00108924
4115,42,0.00100475
4115,43,0.000964366
4115,44,0.00090581
4115,45,0.000853046
4115,46,0.000752051
4115,47,0.00072973
4115,48,0.000703372
4115,49,0.000638233
4115,50,0.000579523
4115,51,0.000528697
4115,52,0.000547384
4209,1,0.0139368
4209,2,0.00712429
4209,3,0.00467605
4209,4,0.00376072
4209,5,0.00333154
4209,6,0.00301388
4209,7,0.00282429
4209,8,0.00270434
4209,9,0.00259947
4209,10,0.00253197
4209,11,0.00259025
4209,12,0.00248722
4209,13,0.00249175
4209,14,0.00241642
4209,15,0.00237235
4209,16,0.00233416
4209,17,0.00237627
4209,18,0.00239731
4209,19,0.00241726
4209,20,0.00233992
4209,21,0.00235468
4209,22,0.00239355
4209,23,0.00231555
4209,24,0.00239202
4209,25,0.0023073
4209,26,0.00238368
4209,27,0.00226148
4209,28,0.00213804
4209,29,0.00197135
4209,30,0.00189364
4209,31,0.00180295
4209,32,0.00174076
4209,33,0.00164757
4209,34,0.00162624
4209,35,0.00151056
4209,36,0.00148918
4209,37,0.00136081
4209,38,0.0013476
4209,39,0.00126269
4209,40,0.00121254
4209,41,0.00113484
4209,42,0.00110719
4209,43,0.00104514
4209,44,0.000980608
4209,45,0.000979807
4209,46,0.000892283
4209,47,0.000814759
4209,48,0.000793705
4209,49,0.00071658
4209,50,0.000654248
4209,51,0.000629146
4209,52,0.000605308
4304,1,0.0146625
4304,2,0.00746412
4304,3,0.00502599
4304,4,0.00398412
4304,5,0.00348515
4304,6,0.00315647
4304,7,0.00297744
4304,8,0.00275603
4304,9,0.00269817
4304,10,0.00263567
4304,11,0.00255988
4304,12,0.00261946
4304,13,0.00259568
4304,14,0.00255146
4304,15,0.00257143
4304,16,0.00245882
4304,17,0.00250576
4304,18,0.00253683
4304,19,0.00253294
4304,20,0.00246946
4304,21,0.00244889
4304,22,0.00241986
4304,23,0.0024634
4304,24,0.00246524
4304,25,0.00246634
4304,26,0.0024318
4304,27,0.00233922
4304,28,0.0022603
4304,29,0.00212492
4304,30,0.00205738
4304,31,0.00191703
4304,32,0.00182137
4304,33,0.00171821
4304,34,0.00167966
4304,35,0.00167653
4304,36,0.00157157
4304,37,0.00148097
4304,38,0.00146126
4304,39,0.00138749
4304,40,0.00131083
4304,41,0.00127742
4304,42,0.00116632
4304,43,0.00118332
4304,44,0.001115
4304,45,0.00105922
4304,46,0.00103829
4304,47,0.000985307
4304,48,0.000909203
4304,49,0.000819758
4304,50,0.000801835
4304,51,0.000729743
4304,52,0.000707014
4398,1,0.0149598
4398,2,0.00760274
4398,3,0.00499841
4398,4,0.0040886
4398,5,0.00358062
4398,6,0.00326604
4398,7,0.00313904
4398,8,0.00297864
4398,9,0.00284227
4398,10,0.00282564
4398,11,0.00272499
4398,12,0.00275208
4398,13,0.00274479
4398,14,0.00264235
4398,15,0.00268586
4398,16,0.0026498
4398,17,0.00260956
4398,18,0.00268375
4398,19,0.00268682
4398,20,0.00268372
4398,21,0.00266322
4398,22,0.00259493
4398,23,0.00258818
4398,24,0.00273727
4398,25,0.00265831
4398,26,0.00270525
4398,27,0.00248647
4398,28,0.00235726
4398,29,0.00230137
4398,30,0.0021622
4398,31,0.00206691
4398,32,0.00193512
4398,33,0.00190076
4398,34,0.00181142
4398,35,0.00168754
4398,36,0.00163442
4398,37,0.00166731
4398,38,0.00149767
4398,39,0.00149092
4398,40,0.00142066
4398,41,0.00130823
4398,42,0.00128783
4398,43,0.00124365
4398,44,0.0011736
4398,45,0.00114033
4398,46,0.00107528
4398,47,0.0010333
4398,48,0.0010109
4398,49,0.000945792
4398,50,0.000898746
4398,51,0.000827418
4398,52,0.000809848
4492,1,0.0162044
4492,2,0.00824013
4492,3,0.00542348
4492,4,0.00440518
4492,5,0.00385339
4492,6,0.00344997
4492,7,0.00335375
4492,8,0.00307011
4492,9,0.00294699
4492,10,0.0029433
4492,11,0.00285851
4492,12,0.00279575
4492,13,0.00284937
4492,14,0.00289237
4492,15,0.00276463
4492,16,0.00281511
4492,17,0.00279613
4492,18,0.00276087
4492,19,0.00279189
4492,20,0.00276038
4492,21,0.00272984
4492,22,0.00278137
4492,23,0.00269718
4492,24,0.00279236
4492,25,0.00279719
4492,26,0.0027838
4492,27,0.00262816
4492,28,0.00253082
4492,29,0.00232085
4492,30,0.00224539
4492,31,0.00213814
4492,32,0.00210169
4492,33,0.00196802
4492,34,0.00188693
4492,35,0.00187502
4492,36,0.001755
4492,37,0.00172173
4492,38,0.00167341
4492,39,0.00160209
4492,40,0.00153491
4492,41,0.00142652
4492,42,0.00140503
4492,43,0.00132552
4492,44,0.00132742
4492,45,0.00123051
4492,46,0.00119493
4492,47,0.00114618
4492,48,0.00106627
4492,49,0.00103864
4492,50,0.0010127
4492,51,0.00094182
4492,52,0.000962435
4586,1,0.0167861
4586,2,0.00854932
4586,3,0.0057517
4586,4,0.00452437
4586,5,0.00395705
4586,6,0.00364439
4586,7,0.00346152
4586,8,0.00319427
4586,9,0.00312665
4586,10,0.00319865
4586,11,0.00306448
4586,12,0.00304349
4586,13,0.0030111
4586,14,0.00305064
4586,15,0.00306433
4586,16,0.00295179
4586,17,0.00302867
4586,18,0.00290037
4586,19,0.00292056
4586,20,0.00301831
4586,21,0.00294514
4586,22,0.00294689
4586,23,0.0029176
4586,24,0.00286823
4586,25,0.00289705
4586,26,0.00291067
4586,27,0.00272613
4586,28,0.00268235
4586,29,0.00253223
4586,30,0.00246947
4586,31,0.00236293
4586,32,0.00219658
4586,33,0.00213531
4586,34,0.00203338
4586,35,0.00200654
4586,36,0.00187874
4586,37,0.00183302
4586,38,0.00170836
4586,39,0.00167665
4586,40,0.00158876
4586,41,0.00156733
4586,42,0.00150467
4586,43,0.00144302
4586,44,0.00139762
4586,45,0.00134921
4586,46,0.00130305
4586,47,0.00122894
4586,48,0.00122994
4586,49,0.00116687
4586,50,0.00108726
4586,51,0.0010303
4586,52,0.00106535
4680,1,0.0176729
4680,2,0.0089129
4680,3,0.00598005
4680,4,0.00475742
4680,5,0.00416753
4680,6,0.00386512
4680,7,0.0036475
4680,8,0.00338855
4680,9,0.00328495
4680,10,0.00323749
4680,11,0.00322137
4680,12,0.00315021
4680,13,0.00322004
4680,14,0.00309313
4680,15,0.00308241
4680,16,0.003112
4680,17,0.00305723
4680,18,0.00304118
4680,19,0.00304457
4680,20,0.00305407
4680,21,0.00307775
4680,22,0.00306237
4680,23,0.00309674
4680,24,0.00309705
4680,25,0.00307784
4680,26,0.00305357
4680,27,0.00295055
4680,28,0.00279325
4680,29,0.00272241
4680,30,0.00252515
4680,31,0.00241578
4680,32,0.00231356
4680,33,0.00224881
4680,34,0.00223082
4680,35,0.00204081
4680,36,0.00198343
4680,37,0.0019185
4680,38,0.00180116
4680,39,0.0018165
4680,40,0.00173839
4680,41,0.00162015
4680,42,0.00162538
4680,43,0.00149334
4680,44,0.00145244
4680,45,0.0014195
4680,46,0.00138402
4680,47,0.00131125
4680,48,0.00126276
4680,49,0.00123012
4680,50,0.0011704
4680,51,0.00114291
4680,52,0.00111539
4775,1,0.0180251
4775,2,0.00907706
4775,3,0.00605302
4775,4,0.00492571
4775,5,0.00434837
4775,6,0.00399504
4775,7,0.00380428
4775,8,0.0035516
4775,9,0.00367027
4775,10,0.00346408
4775,11,0.00334728
4775,12,0.00329076
4775,13,0.00327572
4775,14,0.00341408
4775,15,0.00325869
4775,16,0.00328788
4775,17,0.00331533
4775,18,0.0032596
4775,19,0.00321681
4775,20,0.00324031
4775,21,0.00328199
4775,22,0.00330063
4775,23,0.00331567
4775,24,0.00321689
4775,25,0.00324389
4775,26,0.00322086
4775,27,0.0031403
4775,28,0.00291725
4775,29,0.00290306
4775,30,0.00266725
4775,31,0.00252964
4775,32,0.00246135
4775,33,0.00233719
4775,34,0.00225197
4775,35,0.00222157
4775,36,0.00205114
4775,37,0.0020589
4775,38,0.00198155
4775,39,0.00184573
4775,40,0.00179892
4775,41,0.00179822
4775,42,0.00173528
4775,43,0.00165713
4775,44,0.00165136
4775,45,0.00153427
4775,46,0.00148598
4775,47,0.00143278
4775,48,0.00140769
4775,49,0.00135166
4775,50,0.00131365
4775,51,0.00123874
4775,52,0.00121507
4869,1,0.0191296
4869,2,0.00985418
4869,3,0.00650506
4869,4,0.00514006
4869,5,0.00452967
4869,6,0.00418549
4869,7,0.00399924
4869,8,0.00373537
4869,9,0.00357821
4869,10,0.00356226
4869,11,0.00360041
4869,12,0.00337013
4869,13,0.00353432
4869,14,0.0034412
4869,15,0.00343091
4869,16,0.00342233
4869,17,0.0034065
4869,18,0.00352881
4869,19,0.00347705
4869,20,0.00340409
4869,21,0.003381
4869,22,0.00332908
4869,23,0.00337957
4869,24,0.00338889
4869,25,0.00353473
4869,26,0.00336053
4869,27,0.00322872
4869,28,0.0031324
4869,29,0.00302365
4869,30,0.00300527
4869,31,0.00271578
4869,32,0.00257677
4869,33,0.00259766
4869,34,0.00249271
4869,35,0.00235247
4869,36,0.00223988
4869,37,0.002175
4869,38,0.00208598
4869,39,0.00198744
4869,40,0.0019451
4869,41,0.00180459
4869,42,0.00176889
4869,43,0.0017429
4869,44,0.00169972
4869,45,0.00167982
4869,46,0.00157265
4869,47,0.00150921
4869,48,0.00148521
4869,49,0.00142757
4869,50,0.00137717
4869,51,0.00132045
4869,52,0.00132304
4963,1,0.0199288
4963,2,0.0100825
4963,3,0.00673746
4963,4,0.00546993
4963,5,0.00468583
4963,6,0.00435287
4963,7,0.00412639
4963,8,0.00388949
4963,9,0.00371811
4963,10,0.003674
4963,11,0.00363314
4963,12,0.00360672
4963,13,0.0036115
4963,14,0.00355703
4963,15,0.00362942
4963,16,0.00358733
4963,17,0.00364422
4963,18,0.00359917
4963,19,0.00357833
4963,20,0.00349057
4963,21,0.00357495
4963,22,0.00355234
4963,23,0.0035672
4963,24,0.00352127
4963,25,0.00356179
4963,26,0.00363691
4963,27,0.00336764
4963,28,0.00323367
4963,29,0.00310385
4963,30,0.00298846
4963,31,0.00293344
4963,32,0.00274969
4963,33,0.0026177
4963,34,0.00248507
4963,35,0.00268024
4963,36,0.00230457
4963,37,0.00221565
4963,38,0.00217879
4963,39,0.00208202
4963,40,0.00205672
4963,41,0.00193773
4963,42,0.00190275
4963,43,0.0018071
4963,44,0.00178385
4963,45,0.00169425
4963,46,0.0016634
4963,47,0.00159471
4963,48,0.0015091
4963,49,0.00147996
4963,50,0.00143175
4963,51,0.00139443
4963,52,0.00141527
5057,1,0.0208202
5057,2,0.0105786
5057,3,0.00704311
5057,4,0.00572085
5057,5,0.00501042
5057,6,0.00457717
5057,7,0.00421488
5057,8,0.00404434
5057,9,0.00395826
5057,10,0.00387248
5057,11,0.00381514
5057,12,0.0037678
5057,13,0.00381918
5057,14,0.00391209
5057,15,0.00381607
5057,16,0.00377219
5057,17,0.00371076
5057,18,0.00369782
5057,19,0.00371634
5057,20,0.00364788
5057,21,0.00372596
5057,22,0.00364389
5057,23,0.00368621
5057,24,0.00371057
5057,25,0.0037306
5057,26,0.00378383
5057,27,0.00352265
5057,28,0.00341266
5057,29,0.00323765
5057,30,0.0030991
5057,31,0.00303559
5057,32,0.00285414
5057,33,0.00275043
5057,34,0.00266036
5057,35,0.00250878
5057,36,0.00242089
5057,37,0.00232431
5057,38,0.00229514
5057,39,0.00222703
5057,40,0.00211686
5057,41,0.00208998
5057,42,0.00199738
5057,43,0.00195379
5057,44,0.00197184
5057,45,0.00179961
5057,46,0.00173715
5057,47,0.0017312
5057,48,0.00168385
5057,49,0.00164698
5057,50,0.0015475
5057,51,0.00150313
5057,52,0.00146569
5152,1,0.0217435
5152,2,0.0110496
5152,3,0.00737565
5152,4,0.00588292
5152,5,0.00522686
5152,6,0.00475894
5152,7,0.00450922
5152,8,0.00430686
5152,9,0.00414487
5152,10,0.00406749
5152,11,0.00395275
5152,12,0.00399521
5152,13,0.00400905
5152,14,0.00393218
5152,15,0.00389996
5152,16,0.00403739
5152,17,0.00393283
5152,18,0.00382411
5152,19,0.00387935
5152,20,0.00391807
5152,21,0.00386214
5152,22,0.00390379
5152,23,0.00404209
5152,24,0.00390345
5152,25,0.00394611
5152,26,0.00386286
5152,27,0.00365794
5152,28,0.00348778
5152,29,0.00355684
5152,30,0.00330037
5152,31,0.00309021
5152,32,0.00296319
5152,33,0.00289935
5152,34,0.00293051
5152,35,0.0027287
5152,36,0.00259347
5152,37,0.0024467
5152,38,0.00235548
5152,39,0.00238599
5152,40,0.00223999
5152,41,0.0021501
5152,42,0.00209195
5152,43,0.00204256
5152,44,0.00191902
5152,45,0.00188569
5152,46,0.00182431
5152,47,0.00181537
5152,48,0.00176679
5152,49,0.00167154
5152,50,0.00162699
5152,51,0.00157645
5152,52,0.00162436
5246,1,0.0220826
5246,2,0.0111497
5246,3,0.00732365
5246,4,0.00604163
5246,5,0.00562535
5246,6,0.00495542
5246,7,0.00467461
5246,8,0.00441938
5246,9,0.00436237
5246,10,0.00426408
5246,11,0.00420212
5246,12,0.00412873
5246,13,0.00418817
5246,14,0.00410991
5246,15,0.00418269
5246,16,0.00407884
5246,17,0.00410916
5246,18,0.00408133
5246,19,0.0041086
5246,20,0.00399425
5246,21,0.00418888
5246,22,0.00408768
5246,23,0.00407082
5246,24,0.00404704
5246,25,0.00416725
5246,26,0.00407525
5246,27,0.00392428
5246,28,0.00371253
5246,29,0.00374712
5246,30,0.00339788
5246,31,0.00335645
5246,32,0.00312509
5246,33,0.00299178
5246,34,0.00287493
5246,35,0.00285307
5246,36,0.00265674
5246,37,0.00255418
5246,38,0.00253942
5246,39,0.00242225
5246,40,0.00237343
5246,41,0.00229259
5246,42,0.00224117
5246,43,0.00212053
5246,44,0.0020021
5246,45,0.00197791
5246,46,0.00190902
5246,47,0.00185634
5246,48,0.00177762
5246,49,0.00173751
5246,50,0.0016931
5246,51,0.0017231
5246,52,0.00166308
5340,1,0.0235838
5340,2,0.0119923
5340,3,0.0079035
5340,4,0.00634088
5340,5,0.00563201
5340,6,0.00522318
5340,7,0.00483856
5340,8,0.00461505
5340,9,0.00446482
5340,10,0.0043901
5340,11,0.00435137
5340,12,0.00448559
5340,13,0.00438308
5340,14,0.00425438
5340,15,0.0043504
5340,16,0.00422888
5340,17,0.00423462
5340,18,0.00427402
5340,19,0.00426932
5340,20,0.00424729
5340,21,0.00430748
5340,22,0.00419093
5340,23,0.00418614
5340,24,0.00429449
5340,25,0.0042507
5340,26,0.00435754
5340,27,0.00395371
5340,28,0.00384131
5340,29,0.00375187
5340,30,0.00358599
5340,31,0.00339777
5340,32,0.00328465
5340,33,0.00315657
5340,34,0.00303105
5340,35,0.00285693
5340,36,0.00283534
5340,37,0.00271865
5340,38,0.00260016
5340,39,0.00253127
5340,40,0.0024474
5340,41,0.0024069
5340,42,0.00232973
5340,43,0.00220284
5340,44,0.00215271
5340,45,0.0020763
5340,46,0.00206166
5340,47,0.00197859
5340,48,0.00191411
5340,49,0.0019176
5340,50,0.00179849
5340,51,0.00180977
5340,52,0.00172558
5434,1,0.0241192
5434,2,0.0122191
5434,3,0.00813061
5434,4,0.00649617
5434,5,0.00584103
5434,6,0.00544516
5434,7,0.00506609
5434,8,0.00482258
5434,9,0.00458953
5434,10,0.00459803
5434,11,0.00458905
5434,12,0.00461538
5434,13,0.00449822
5434,14,0.00469063
5434,15,0.00450648
5434,16,0.00444528
5434,17,0.00443651
5434,18,0.00442892
5434,19,0.00458233
5434,20,0.00437957
5434,21,0.00439181
5434,22,0.00438338
5434,23,0.00434561
5434,24,0.00446367
5434,25,0.00444853
5434,26,0.00444235
5434,27,0.00420727
5434,28,0.00400052
5434,29,0.00386906
5434,30,0.00377665
5434,31,0.00356887
5434,32,0.00342098
5434,33,0.0033434
5434,34,0.00315436
5434,35,0.0032214
5434,36,0.00292832
5434,37,0.00287136
5434,38,0.0028454
5434,39,0.00268004
5434,40,0.00257306
5434,41,0.00247313
5434,42,0.00242577
5434,43,0.00236648
5434,44,0.00221444
5434,45,0.0021922
5434,46,0.00212356
5434,47,0.0020811
5434,48,0.00207337
5434,49,0.00202714
5434,50,0.0019962
5434,51,0.00181913
5434,52,0.00180824
5528,1,0.0252709
5528,2,0.0128859
5528,3,0.00850915
5528,4,0.00685675
5528,5,0.00607479
5528,6,0.00557139
5528,7,0.00519755
5528,8,0.0049345
5528,9,0.00482791
5528,10,0.0047649
5528,11,0.00475257
5528,12,0.00469064
5528,13,0.00473573
5528,14,0.00465207
5528,15,0.00461815
5528,16,0.00466797
5528,17,0.00469129
5528,18,0.00455285
5528,19,0.00451146
5528,20,0.00452627
5528,21,0.00461737
5528,22,0.00464241
5528,23,0.00462728
5528,24,0.00469684
5528,25,0.00463773
5528,26,0.00470269
5528,27,0.00449547
5528,28,0.00442149
5528,29,0.004144
5528,30,0.00385296
5528,31,0.00390513
5528,32,0.00364931
5528,33,0.00355082
5528,34,0.00340788
5528,35,0.00323591
5528,36,0.00311029
5528,37,0.00305876
5528,38,0.00294247
5528,39,0.00287146
5528,40,0.00272213
5528,41,0.00260606
5528,42,0.00255329
5528,43,0.0024279
5528,44,0.00242747
5528,45,0.00230381
5528,46,0.00229012
5528,47,0.00220176
5528,48,0.00209577
5528,49,0.00205868
5528,50,0.00200143
5528,51,0.00195629
5528,52,0.00193596
5623,1,0.0255994
5623,2,0.0130562
5623,3,0.00853406
5623,4,0.00695628
5623,5,0.00625913
5623,6,0.00573683
5623,7,0.00541758
5623,8,0.00522887
5623,9,0.00487285
5623,10,0.00514004
5623,11,0.00507412
5623,12,0.0049248
5623,13,0.00481507
5623,14,0.00494786
5623,15,0.00482355
5623,16,0.00475488
5623,17,0.00486808
5623,18,0.00487197
5623,19,0.0048138
5623,20,0.00477914
5623,21,0.00468588
5623,22,0.00473021
5623,23,0.00469788
5623,24,0.00477964
5623,25,0.00481021
5623,26,0.00488856
5623,27,0.0046069
5623,28,0.00443205
5623,29,0.00432948
5623,30,0.00407389
5623,31,0.00405777
5623,32,0.0037391
5623,33,0.00369628
5623,34,0.00350764
5623,35,0.00343984
5623,36,0.00330818
5623,37,0.00314205
5623,38,0.00295992
5623,39,0.00298228
5623,40,0.00284913
5623,41,0.00279285
5623,42,0.00267948
5623,43,0.00265072
5623,44,0.00251489
5623,45,0.00247419
5623,46,0.00239449
5623,47,0.00232143
5623,48,0.00225026
5623,49,0.00235308
5623,50,0.00231374
5623,51,0.00207253
5623,52,0.00210295
5717,1,0.0270051
5717,2,0.0137022
5717,3,0.00908106
5717,4,0.00734794
5717,5,0.00650966
5717,6,0.00600256
5717,7,0.00560047
5717,8,0.00540313
5717,9,0.00528294
5717,10,0.00507664
5717,11,0.00504215
5717,12,0.00514306
5717,13,0.00495093
5717,14,0.00507917
5717,15,0.00499228
5717,16,0.0049946
5717,17,0.00518513
5717,18,0.00511809
5717,19,0.0050567
5717,20,0.005
5717,21,0.00498253
5717,22,0.00496174
5717,23,0.00497428
5717,24,0.00498808
5717,25,0.0051828
5717,26,0.00506697
5717,27,0.00474214
5717,28,0.00459152
5717,29,0.00450913
5717,30,0.00426777
5717,31,0.00404648
5717,32,0.00400047
5717,33,0.00379008
5717,34,0.00369609
5717,35,0.00355118
5717,36,0.00338435
5717,37,0.00332066
5717,38,0.0031808
5717,39,0.00302077
5717,40,0.00303555
5717,41,0.00290585
5717,42,0.00281454
5717,43,0.00270599
5717,44,0.00259927
5717,45,0.00261633
5717,46,0.00248857
5717,47,0.0023432
5717,48,0.00227773
5717,49,0.00225479
5717,50,0.00222313
5717,51,0.00213334
5717,52,0.00212652
5811,1,0.0280212
5811,2,0.0141091
5811,3,0.00934851
5811,4,0.00757501
5811,5,0.00670118
5811,6,0.00618343
5811,7,0.00584088
5811,8,0.00558866
5811,9,0.00536709
5811,10,0.00531764
5811,11,0.00518263
5811,12,0.00525959
5811,13,0.00526412
5811,14,0.00524587
5811,15,0.00521694
5811,16,0.00531486
5811,17,0.00508649
5811,18,0.00529525
5811,19,0.00516972
5811,20,0.00512742
5811,21,0.00516401
5811,22,0.0051121
5811,23,0.00516273
5811,24,0.00521396
5811,25,0.00522183
5811,26,0.00520421
5811,27,0.00511287
5811,28,0.00470232
5811,29,0.00465654
5811,30,0.00437847
5811,31,0.00426934
5811,32,0.00401783
5811,33,0.00394357
5811,34,0.00369507
5811,35,0.00361966
5811,36,0.00364233
5811,37,0.00336537
5811,38,0.00341818
5811,39,0.00312994
5811,40,0.00310577
5811,41,0.00293615
5811,42,0.00294022
5811,43,0.00287892
5811,44,0.00276612
5811,45,0.00260954
5811,46,0.00261931
5811,47,0.00255977
5811,48,0.00241685
5811,49,0.00231323
5811,50,0.00230201
5811,51,0.00219805
5811,52,0.00227163
5905,1,0.0289194
5905,2,0.0148583
5905,3,0.00971927
5905,4,0.00785203
5905,5,0.00707842
5905,6,0.00639989
5905,7,0.00602714
5905,8,0.00580597
5905,9,0.00555848
5905,10,0.00560976
5905,11,0.00546629
5905,12,0.00555132
5905,13,0.00542927
5905,14,0.00536336
5905,15,0.00536276
5905,16,0.00538187
5905,17,0.00542083
5905,18,0.00533301
5905,19,0.00545867
5905,20,0.00538743
5905,21,0.00533607
5905,22,0.00529616
5905,23,0.00534614
5905,24,0.005458
5905,25,0.00558285
5905,26,0.0055918
5905,27,0.00528401
5905,28,0.00487994
5905,29,0.00479393
5905,30,0.00462592
5905,31,0.00435739
5905,32,0.00413539
5905,33,0.00405828
5905,34,0.00384078
5905,35,0.00374738
5905,36,0.00364254
5905,37,0.00358313
5905,38,0.00348071
5905,39,0.00332375
5905,40,0.00319651
5905,41,0.00303873
5905,42,0.00298287
5905,43,0.00290057
5905,44,0.00285088
5905,45,0.00272639
5905,46,0.00265979
5905,47,0.00256699
5905,48,0.00256983
5905,49,0.0024574
5905,50,0.00242358
5905,51,0.00231146
5905,52,0.00227884
6000,1,0.0301486
6000,2,0.0152418
6000,3,0.0101816
6000,4,0.00819894
6000,5,0.00715914
6000,6,0.00673003
6000,7,0.00620966
6000,8,0.00614232
6000,9,0.00583187
6000,10,0.00568641
6000,11,0.00575716
6000,12,0.00573649
6000,13,0.0058234
6000,14,0.00564026
6000,15,0.00558224
6000,16,0.00559935
6000,17,0.00585724
6000,18,0.00551307
6000,19,0.005535
6000,20,0.00553804
6000,21,0.00566777
6000,22,0.00560014
6000,23,0.00576285
6000,24,0.00553593
6000,25,0.00549859
6000,26,0.00547161
6000,27,0.00539665
6000,28,0.00502736
6000,29,0.00489162
6000,30,0.00469835
6000,31,0.00451254
6000,32,0.00440147
6000,33,0.00420653
6000,34,0.00406703
6000,35,0.00391363
6000,36,0.00376859
6000,37,0.00370531
6000,38,0.00360378
6000,39,0.00343906
6000,40,0.00329581
6000,41,0.00323523
6000,42,0.00311071
6000,43,0.00303762
6000,44,0.00298718
6000,45,0.00282003
6000,46,0.00288227
6000,47,0.00269061
6000,48,0.00260938
6000,49,0.0025663
6000,50,0.00244961
6000,51,0.00240397
6000,52,0.00238324
