nthreads,n,time
1,512,0.000107343
1,512,0.000105025
1,512,0.00010538
1,512,0.000105092
1,512,0.000105605
1,512,0.000106822
1,512,0.000105128
1,512,0.000105482
1,512,0.000105503
1,512,0.000104596
4,512,2.1286e-05
4,512,2.099e-05
4,512,2.138e-05
4,512,2.157e-05
4,512,2.1359e-05
4,512,2.1947e-05
4,512,2.1095e-05
4,512,2.1291e-05
4,512,2.0759e-05
4,512,2.0471e-05
7,512,1.3426e-05
7,512,1.2854e-05
7,512,1.2833e-05
7,512,1.2977e-05
7,512,1.2853e-05
7,512,1.3503e-05
7,512,1.3165e-05
7,512,1.2821e-05
7,512,1.2927e-05
7,512,1.3445e-05
10,512,1.0716e-05
10,512,1.0693e-05
10,512,1.0757e-05
10,512,1.1954e-05
10,512,1.0712e-05
10,512,1.084e-05
10,512,1.0517e-05
10,512,1.0652e-05
10,512,1.0901e-05
10,512,1.0711e-05
13,512,9.89e-06
13,512,9.494e-06
13,512,9.828e-06
13,512,9.806e-06
13,512,9.704e-06
13,512,9.884e-06
13,512,9.692e-06
13,512,9.712e-06
13,512,9.685e-06
13,512,9.737e-06
16,512,1.0309e-05
16,512,1.0441e-05
16,512,1.0129e-05
16,512,1.0292e-05
16,512,1.0232e-05
16,512,1.0109e-05
16,512,1.0233e-05
16,512,1.0278e-05
16,512,1.01e-05
16,512,1.0207e-05
19,512,9.229e-06
19,512,1.0315e-05
19,512,1.0128e-05
19,512,9.82e-06
19,512,1.0193e-05
19,512,1.0254e-05
19,512,1.0287e-05
19,512,1.0047e-05
19,512,1.0278e-05
19,512,1.03e-05
22,512,1.1222e-05
22,512,1.1259e-05
22,512,1.0994e-05
22,512,1.1139e-05
22,512,1.1331e-05
22,512,1.1124e-05
22,512,1.1116e-05
22,512,1.12e-05
22,512,1.1134e-05
22,512,1.1201e-05
25,512,1.1447e-05
25,512,1.1401e-05
25,512,1.1069e-05
25,512,1.1494e-05
25,512,1.1444e-05
25,512,1.0941e-05
25,512,1.1333e-05
25,512,1.1401e-05
25,512,1.0991e-05
25,512,1.1497e-05
28,512,1.4664e-05
28,512,1.5702e-05
28,512,1.5461e-05
28,512,1.5228e-05
28,512,1.5423e-05
28,512,1.5677e-05
28,512,1.4883e-05
28,512,1.6095e-05
28,512,1.6105e-05
28,512,1.5518e-05
31,512,1.5939e-05
31,512,1.7307e-05
31,512,1.7797e-05
31,512,1.6613e-05
31,512,1.816e-05
31,512,1.7541e-05
31,512,1.6935e-05
31,512,1.6589e-05
31,512,1.6935e-05
31,512,1.6367e-05
34,512,1.9196e-05
34,512,1.882e-05
34,512,1.8377e-05
34,512,1.8736e-05
34,512,1.8373e-05
34,512,1.8556e-05
34,512,1.6987e-05
34,512,1.693e-05
34,512,1.8733e-05
34,512,1.8736e-05
37,512,1.8899e-05
37,512,1.9946e-05
37,512,1.9177e-05
37,512,1.9969e-05
37,512,1.8362e-05
37,512,1.902e-05
37,512,1.7876e-05
37,512,1.9015e-05
37,512,1.9728e-05
37,512,1.713e-05
40,512,2.046e-05
40,512,1.9443e-05
40,512,2.0373e-05
40,512,2.1137e-05
40,512,2.1384e-05
40,512,1.9841e-05
40,512,2.0444e-05
40,512,1.9827e-05
40,512,2.2018e-05
40,512,2.1334e-05
43,512,2.2293e-05
43,512,2.3965e-05
43,512,2.3033e-05
43,512,2.2576e-05
43,512,2.217e-05
43,512,2.2131e-05
43,512,2.0991e-05
43,512,2.2602e-05
43,512,2.3064e-05
43,512,2.2099e-05
46,512,2.2833e-05
46,512,2.4354e-05
46,512,2.3335e-05
46,512,2.3345e-05
46,512,2.3672e-05
46,512,2.241e-05
46,512,2.3057e-05
46,512,2.2814e-05
46,512,2.2995e-05
46,512,2.4171e-05
49,512,2.4333e-05
49,512,2.5954e-05
49,512,2.5674e-05
49,512,2.4336e-05
49,512,2.4923e-05
49,512,2.5175e-05
49,512,2.5928e-05
49,512,2.4957e-05
49,512,2.4525e-05
49,512,2.5632e-05
52,512,2.8149e-05
52,512,2.6244e-05
52,512,2.4927e-05
52,512,2.7951e-05
52,512,2.5977e-05
52,512,2.4287e-05
52,512,2.6804e-05
52,512,2.6157e-05
52,512,2.6403e-05
52,512,2.6731e-05
