nthreads,time
3,3.8693e-05
4,2.0655e-05
29,1.6754e-05
39,1.9751e-05
18,1.021e-05
9,1.2986e-05
37,1.9773e-05
48,2.5004e-05
19,1.0258e-05
43,2.3366e-05
21,1.0631e-05
17,9.549e-06
16,1.1405e-05
28,1.5456e-05
13,1.0747e-05
26,1.2153e-05
11,1.1181e-05
24,1.0703e-05
33,1.9113e-05
17,9.799e-06
8,1.3495e-05
17,9.012e-06
15,1.0506e-05
22,1.0863e-05
7,1.4116e-05
15,1.0685e-05
32,1.7037e-05
23,1.0648e-05
12,1.0916e-05
3,2.9822e-05
19,1.028e-05
18,1.0139e-05
1,0.000104586
18,9.327e-06
6,1.5219e-05
26,1.1685e-05
10,1.1702e-05
14,1.0443e-05
20,1.032e-05
17,9.835e-06
31,1.6957e-05
17,9.564e-06
24,1.0124e-05
21,1.0396e-05
17,9.428e-06
12,1.0966e-05
49,2.4859e-05
26,1.1853e-05
15,1.039e-05
52,2.5001e-05
5,1.9215e-05
17,9.708e-06
19,1.0216e-05
13,1.0668e-05
10,1.1734e-05
17,9.836e-06
21,1.0633e-05
16,1.1484e-05
24,9.939e-06
9,1.3107e-05
14,1.0699e-05
18,9.305e-06
18,9.448e-06
19,1.0177e-05
21,1.0626e-05
28,1.5656e-05
23,1.0491e-05
13,1.0546e-05
18,9.927e-06
16,1.1258e-05
20,1.0397e-05
17,9.865e-06
15,1.0609e-05
11,1.0135e-05
18,9.55e-06
22,1.111e-05
19,1.0024e-05
20,1.0196e-05
14,1.0452e-05
38,2.0459e-05
18,1.0111e-05
16,1.1409e-05
17,9.676e-06
41,2.0224e-05
22,1.1017e-05
12,1.0846e-05
25,1.1743e-05
20,1.012e-05
15,1.0671e-05
18,1.0315e-05
16,1.149e-05
17,9.963e-06
14,1.0576e-05
17,9.17e-06
19,9.58e-06
23,1.0293e-05
21,1.0461e-05
19,1.0211e-05
13,1.0626e-05
18,1.0058e-05
